epoch,train_loss,train_top1,train_top5,val_loss,val_top1,val_top5,val_top1_ema,lr,alpha
1,4.460011967044406,3.3062471700456406,13.044661806572808,4.194103087615967,6.240000051879883,22.13999993286133,,8e-05,0.4
2,4.27521847805447,5.820098608652751,19.962415837605793,4.001645799255371,8.780000009155273,27.51999990234375,,0.00011,0.4
3,4.168582764773898,7.831342133246528,24.25457357381185,4.05119868850708,9.600000091552735,28.25999998474121,,0.00014000000000000001,0.4
4,4.117490387047662,8.888564497036404,26.378456219482423,3.876017234802246,11.520000021362305,31.39999987182617,,0.00017,0.4
5,3.9899727703518337,10.646912790595161,30.10891513332791,3.560626868057251,16.320000177001955,40.6799998046875,,0.0002,0.4
6,3.9996385631137423,10.781664097425672,30.361955412801105,3.6110827030181887,15.820000012207032,40.020000067138675,,0.00022999999999999998,0.4
7,4.0116486263699,10.85176841023763,29.58151432969835,3.5528186138153077,16.960000134277344,42.46000023193359,,0.00026,0.4
8,3.8814744637383356,12.864342273627388,33.93038828396267,3.371316883468628,19.560000112915038,47.06000036010742,,0.00029,0.4
9,3.827738383314345,13.574032553524441,35.20879728020562,3.3419987236022948,20.200000106811522,46.90000025634765,,0.00031999999999999997,0.4
10,3.733877032555474,15.019621762424045,37.90431949327257,3.155782710647583,23.980000213623047,51.88000037841797,,0.00034999999999999994,0.4
11,3.8069685767279733,14.048344006008572,35.85051969740126,3.200793270111084,21.980000064086916,50.36000042724609,,0.0003799999999999999,0.4
12,3.728879475318061,15.457025155639649,37.65083337131076,3.2777492736816405,20.1800001953125,48.919999841308595,,0.00040999999999999994,0.4
13,3.7518734690348308,15.221778124152289,37.32791452026367,3.369974084854126,20.560000036621094,46.259999884033206,,0.00043999999999999996,0.4
14,3.6726471099853515,16.74871438615587,40.05920983174642,3.0877817821502687,24.300000213623047,53.26000043334961,,0.00046999999999999993,0.4
15,3.6627233891805013,16.54117764723036,39.74876730957031,3.1562503059387206,23.720000131225586,51.10000022583008,,0.0005,0.4
16,1.743872821913825,18.48994178466797,42.50574319661458,3.0092673252105713,29.260000238037108,59.3599998840332,,0.0004999707029374686,0.4
17,1.6899860194947984,19.61470141737196,44.33260417548286,2.876988292312622,30.979999768066406,62.14000048217773,,0.0004998828186301779,0.4
18,1.661435911983914,20.871170681762695,46.61058754340278,2.845478966522217,32.76000014648437,63.86000048217773,,0.0004997363677174227,0.4
19,1.6517892943488226,20.82757380727132,46.347525530327694,2.7836144458770753,32.62000003662109,63.819999841308594,,0.0004995313845926423,0.4
20,1.6153644142998589,23.307821443684897,49.88913719414605,2.864070574951172,31.680000354003905,61.82,,0.0004992679173953434,0.4
21,1.6476359758165147,19.896851672024198,45.09573125067817,2.7957833934783936,32.640000091552736,62.35999995117187,,0.0004989460279997939,0.4
22,1.6139929478327433,22.35131489935981,48.34345264553494,2.7080567489624023,34.419999780273436,65.94000032958985,,0.0004985657920004928,0.4
23,1.62011976468828,21.24628474867079,46.71672048950195,2.7383278743743897,33.52000009765625,66.12000043945312,,0.000498127298694417,0.4
24,1.5274624240451389,28.110946628146703,57.02581731906467,2.609564105606079,35.9,67.80000034179687,,0.0004976306510600497,0.4
25,1.6061299135843912,22.192035520765515,48.08740104370117,2.69464561920166,34.18000036621094,65.21999953613282,,0.0004970759657331971,0.4
26,1.5972345334370932,22.536073840671115,48.569510371229384,2.63009543800354,35.83999979248047,67.01999959716797,,0.0004964633729795963,0.4
27,1.55168181415134,24.8004679945204,51.44023260837131,2.5765676891326903,37.00000016479492,67.5400005493164,,0.000495793016664323,0.4
28,1.5376911332872178,26.251235794576008,53.59481527574327,2.4987380084991453,38.14000001220703,69.84000051269531,,0.0004950650542180058,0.4
29,1.5833569381713868,22.9034772128635,48.292833509657115,2.5919612506866456,36.399999798583984,67.12000070800781,,0.0004942796565998533,0.4
30,1.5451231537924872,24.566343705919053,51.336798091634115,2.519043119430542,37.89999989624023,70.14000003662109,,0.000493437008257506,0.4
31,1.5333338492923312,24.549103329128688,50.89456453789605,2.4398544551849364,40.300000286865235,71.45999956054688,,0.0004925373070837188,0.4
32,1.5632398328993056,23.262759686787923,48.99803745863173,2.5564646881103514,36.960000433349606,68.56000013427735,,0.0004915807643698869,0.4
33,1.4516630354563396,30.385388080512154,58.49535361599392,2.384202677154541,41.399999755859376,72.58000041503907,,0.0004905676047564248,0.4
34,1.478444078932868,28.07104758775499,55.807098864746095,2.480643619918823,38.32000016479492,70.2999999267578,,0.0004894980661800101,0.4
35,1.490401864306132,27.140978799099393,54.0533646484375,2.3173087440490723,42.73999997558594,73.99999982910157,,0.0004883723998177054,0.4
36,1.5131991739061144,25.088494057888454,51.499051300727,2.347807311248779,42.43999998168945,72.89999951171875,,0.00048719087002797005,0.4
37,1.4960668187247381,26.076314862060546,52.61209448920356,2.448572267913818,39.14000023193359,70.49999998779298,,0.00048595375428857676,0.4
38,1.478452661705017,26.815368052164715,54.073742325846354,2.429070215988159,39.200000122070314,70.5400006225586,,0.00048466134313144665,0.4
39,1.5184855857849122,23.813104828898112,49.687553818088105,2.377082365036011,40.77999991455078,71.539999609375,,0.0004833139400744194,0.4
40,1.4677677524990507,27.367491980658638,54.18178521999783,2.2100912940979005,45.64000040893555,76.58000047607422,,0.0004819118615499728,0.4
41,1.4430799997117785,29.4274636332194,56.45151123996311,2.2188911472320556,44.580000036621094,75.7400007446289,,0.0004804554368309102,0.4
42,1.4673467383066814,27.127883753119576,53.686991037326386,2.274603769683838,42.960000140380856,73.69999957275391,,0.0004789450079530316,0.4
43,1.402005582639906,31.265135712178548,59.85990310804579,2.2202451568603516,43.85999998779297,75.47999979248047,,0.00047738092963480844,0.4
44,1.4174339390224882,30.12298150804308,57.624602105034725,2.1719936279296874,45.68000041503906,76.63999958496093,,0.00047576356919407857,0.4
45,1.41950715575748,29.900466993882922,57.07379966973199,2.2682953506469725,43.20000008544922,74.6200004272461,,0.00047409330646178355,0.4
46,1.487034406238132,24.66803221435547,50.74525649549696,2.2191909729003907,44.58000009155273,75.30000042724609,,0.00047237053369276696,0.4
47,1.429397976006402,28.87388151482476,55.69692139621311,2.272389202880859,43.72000041503906,73.8000001586914,,0.0004705956554736543,0.4
48,1.3876331982506647,30.89277954237196,58.78952188856337,2.2029002059936524,44.80000030517578,75.80000053710937,,0.0004687690886278376,0.4
49,1.4015463653564453,30.690223460557725,57.89730247734918,2.183171527481079,44.43999998168945,75.61999963378906,,0.00046689126211758636,0.4
50,1.4233030001534357,29.03059803093804,55.758730099148224,2.2020649562835692,44.0800001953125,75.6999998413086,,0.00046496261694330685,0.4
51,1.368633951780531,32.66830267537435,60.061673087565104,2.095264695739746,47.17999993896484,78.09999985351563,,0.00046298360603997524,0.4
52,1.362793228954739,32.145575655110676,59.60790952148437,2.0701567810058594,47.78000005493164,77.97999959716797,,0.0004609546941707674,0.4
53,1.3872550250583224,30.23545358751085,57.54933712293837,2.0408406457901003,48.480000103759764,79.33999959716797,,0.000458876357817911,0.4
54,1.3428947644551594,33.995230161539716,61.266361364746096,2.0990060249328613,46.86000042114258,77.63999996337891,,0.0004567490850707855,0.4
55,1.3144757928000557,35.68165958387587,63.4497282796224,1.9873656042099,49.69999979858398,80.46000034179687,,0.0004545733755112962,0.4
56,1.3432902264065212,33.079062314860025,60.755619723849826,1.975136060333252,50.12000000610352,79.98000018310547,,0.00045234974009654953,0.2
57,1.3245363626480102,33.82440419718424,61.606116463216146,2.0251558179855347,49.00000036621094,78.6600002319336,,0.0004500787010388564,0.2
58,1.2351223681132,40.094581405300566,68.90896335449219,1.9739877021789551,49.9200002746582,80.0000008178711,,0.0004477607916830929,0.2
59,1.2781470504336887,37.282876637098525,65.24483823106554,2.0324244474411013,48.56000043334961,78.76000070800781,,0.000445396556381446,0.2
60,1.3077529428270127,34.89128286132812,62.09125391981337,1.963093128967285,50.10000021972656,80.33999981689453,,0.00044298655036557487,0.2
61,1.28130055103302,36.433685546875,63.7030334906684,1.9005036415100098,52.16000044555664,81.60000072021484,,0.0004405313396162165,0.2
62,1.2218703781763713,40.56740738593207,68.89899664984809,1.8620717527389525,51.90000044555664,82.06000046386718,,0.0004380315007302677,0.2
63,1.295564272626241,36.00812920176188,62.700118834771054,1.9499032901763915,50.459999853515626,80.34000076904297,,0.00043548762078537284,0.2
64,1.2374690372890895,38.326221421983504,66.59119655219185,1.8427148603439332,52.540000390625,82.00000024414062,,0.0004329002972020516,0.2
65,1.173809506140815,43.47943528578016,71.38483014526368,1.810847829246521,53.91999981079102,82.81999956054688,,0.0004302701376033965,0.2
66,1.2551904014375475,37.70057655300564,65.0754373413086,1.7856039642333985,54.58000034790039,83.65999982910157,,0.00042759775967237556,0.2
67,1.300012953016493,34.04885873040093,61.2178528889974,1.817312794303894,53.11999996337891,82.66000030517579,,0.00042488379100677086,0.2
68,1.1976872584872775,41.039663682047525,69.09493368326822,1.7549567670822144,55.24000045166016,84.13999998779298,,0.00042212886897179065,0.2
69,1.2743463526831733,35.998104233805336,62.98632775607639,1.8098751405715943,54.49999981689453,83.58000030517579,,0.0004193336405503858,0.2
70,1.2245184466467964,39.839095526123046,67.04872416042751,1.8015241149902343,54.180000396728516,83.22000030517579,,0.0004164987621913087,0.2
71,1.2234253607643975,39.22306891479492,66.40931654459635,1.8065931324005127,53.82000028686524,83.08000030517579,,0.0004136248996549486,0.2
72,1.1857429234398735,41.8228868625217,69.3059194132487,1.7621813034057616,54.54000008544922,83.7400006225586,,0.0004107127278569801,0.2
73,1.2345290662765502,38.294567485555014,65.05444220784506,1.7603324686050414,56.02000045776367,83.97999967041015,,0.0004077629307098624,0.2
74,1.1923610848956638,41.012273763699,67.97933665771484,1.7478274450302125,54.88000045166016,84.02000009765625,,0.00040477620096222465,0.2
75,1.1373517789204914,43.83026980658637,71.73586158718533,1.8092390762329102,53.600000073242185,82.16000040283203,,0.00040175324003617635,0.2
76,1.171582966571384,42.639849402533635,69.53117967800564,1.7503970222473144,55.18000045776367,83.89999956054687,,0.00039869475786258156,0.2
77,1.2058539176093208,39.7005891740587,66.50561969333225,1.6890011125564575,56.9200001953125,83.97999982910156,,0.000395601472714334,0.2
78,1.1988762657589382,39.886179543728296,66.89291189914279,1.728167301750183,55.940000451660154,84.14000030517577,,0.00039247411103767344,0.2
79,1.189685173479716,40.817637997775606,67.50852189534505,1.6565482265472413,57.540000091552734,85.60000004882812,,0.0003893134072815826,0.2
80,1.1878107017199198,40.229585001627605,67.50320809190538,1.7438274698257445,55.50000013427734,83.67999967041015,,0.0003861201037253048,0.2
81,1.2425968567954169,36.580621402994794,63.30035211588542,1.6857777513504029,56.5200001953125,84.63999993896485,,0.000382894950304022,0.2
82,1.1098775258170235,45.451207674831814,72.17320822347006,1.6295406343460084,58.78000046386719,86.33999957275391,,0.00037963870443273606,0.2
83,1.1246039720111423,44.773212773980035,71.0019505859375,1.744786015510559,55.64000034790039,83.91999956054687,,0.0003763521308283919,0.2
84,1.0569659336302015,48.990081776258684,75.70171149088542,1.5762114498138429,59.919999835205076,86.47999968261719,,0.0003730360013302875,0.2
85,1.1541374147203234,42.614167935011125,69.13207517428928,1.7105730136871338,56.49999998779297,84.15999951171875,,0.0003696910947188097,0.2
86,1.1569714772966173,42.61081961737739,69.0305503648546,1.709128855895996,56.16000014038086,83.86000046386718,,0.00036631819653254097,0.2
87,1.1879395338906182,40.668975581190324,66.4917496609158,1.6277020246505738,58.000000201416015,85.84000084228515,,0.00036291809888377844,0.2
88,1.0752655735863579,47.75135233154297,73.83360324028862,1.5754542503356934,59.92000041503906,86.74000004882812,,0.00035949160027250963,0.2
89,1.0954687166849773,46.39429735921224,72.71459062635634,1.5826070343017578,59.46000042114258,86.75999968261719,,0.00035603950539888734,0.2
90,1.1187593639373778,43.95403336385091,70.83151426052517,1.6298873029708862,58.72000009765625,85.10000068359375,,0.00035256262497424944,0.2
91,1.1334558811823527,42.7568237294515,69.70418178575304,1.6021308853149414,59.459999841308594,85.63999989013672,,0.00034906177553072575,0.2
92,1.09717555647956,45.68997072618273,72.0570562391493,1.6006687719345092,59.00000036621094,86.22000063476563,,0.00034553777922947905,0.2
93,1.1099945457882352,44.82486327175564,70.67712196180555,1.5582385641098022,60.62000037231445,86.8999998413086,,0.0003419914636676237,0.2
94,1.0682118729061552,47.75834220513238,74.11957140570746,1.6326145065307618,58.140000311279294,85.76000036621093,,0.00033842366168386717,0.2
95,1.1729100489722357,41.2248563273112,66.72193406711155,1.5984774486541748,59.39999994506836,85.84000015869141,,0.00033483521116292153,0.2
96,1.0512067156473797,48.18766921861437,73.84347180718316,1.5674694896697998,59.64000015869141,86.54000079345703,,0.00033122695483872903,0.2
97,1.0090601664543153,51.221908723958336,76.88115605875652,1.5461420738220215,60.900000158691405,87.15999968261718,,0.0003275997400965495,0.2
98,1.134783834330241,42.76513222961426,69.10891711697049,1.5574688634872436,59.80000047607422,86.7000004272461,,0.00032395441877395496,0.2
99,1.1133216722700332,43.46567865159776,69.93696611192492,1.5561381929397582,60.599999841308595,86.87999968261718,,0.00032029184696077896,0.2
100,1.02401932220459,50.139289748806426,76.04046477864583,1.5989434663772584,59.3200004699707,86.0400003173828,,0.0003166128847980672,0.2
101,1.0153230639775594,51.23818559977214,75.65224315049913,1.493132248878479,61.48000010986328,87.97999995117188,,0.00031291839627607627,0.2
102,1.108743952454461,45.02800948621962,70.11134679904514,1.492413703918457,61.84000032348633,87.67999995117188,,0.0003092092490313695,0.2
103,1.0068386324564615,50.67296357625325,76.7316365125868,1.5005936277389527,61.000000268554686,87.72000026855468,,0.0003054863141430551,0.2
104,1.0251808915456135,49.341763509114585,74.51834396430121,1.485956134033203,62.080000164794924,87.74000006103516,,0.000301750465928217,0.2
105,0.9894706649780274,52.136616824001734,77.48091633843316,1.5149799488067628,60.80000032348633,87.29999963378906,,0.00029800258173658486,0.2
106,1.0888102193196614,45.789578472222225,70.8999404296875,1.5758487533569336,59.74000026245117,85.86000068359375,,0.00029424354174449147,0.2
107,1.0385594210518732,48.66273367784288,74.39569590115018,1.4651712354660034,62.580000756835936,88.20000053710937,,0.0002904742287481668,0.2
108,1.1869199631796943,39.11946659613715,64.8723748928494,1.5310168384552,60.86000048217773,87.44000026855468,,0.00028669552795641714,0.2
109,1.0466255469004313,47.536485709635414,73.47751237386068,1.5460769248962403,60.76000048217774,86.69999968261719,,0.00028290832678273635,0.2
110,1.0165373682022094,50.41251525743272,75.47034989149306,1.4270321363449097,62.92000021972656,88.46000053710938,,0.000279113514636901,0.2
111,0.9934703868018256,51.10477609863281,76.36159756266277,1.508902520942688,61.25999995117188,87.75999963378906,,0.00027531198271609517,0.1
112,0.9723291806326972,51.981936754014754,77.55037049153646,1.4928412527084352,61.40000048217773,87.65999995117187,,0.00027150462379561666,0.1
113,1.0035676298353406,50.85343351304796,75.91406402655707,1.5644760194778442,60.02,86.36000031738281,,0.000267692332019212,0.1
114,0.9273139678531223,55.67198389485677,80.79313614501953,1.4391924398422242,63.30000059814453,88.13999995117187,,0.00026387600268909,0.1
115,0.9751945698420207,52.748073780653215,77.56680508490669,1.528110396194458,61.64000048217773,86.7400008544922,,0.0002600565320556639,0.1
116,0.9383337644153171,55.15341380411784,79.1795183295356,1.4229064517974854,63.5999998046875,88.70000069580078,,0.0002562348171070697,0.1
117,1.0151743659231398,49.25759012722439,75.18503204752604,1.4644612852096557,62.58000006103516,87.78000085449219,,0.0002524117553585124,0.1
118,1.0034968940522935,50.638474598524304,75.6233620686849,1.4660364398956298,62.360000323486325,87.77999958496093,,0.0002485882446414879,0.1
119,0.9817290150112576,51.73258917609321,76.58512850816514,1.4462735244750977,63.380000012207034,88.64000006103515,,0.00024476518289293054,0.1
120,0.9328728519121806,54.43545889485677,79.30699345838758,1.3926571361541749,65.06000054931641,89.04000017089844,,0.0002409434679443363,0.1
121,0.8973960926797655,57.37541965603299,81.49309188639323,1.433130784034729,63.98000048828125,88.44000006103515,,0.00023712399731091015,0.1
122,0.9671618629455566,52.60727767198351,77.38095117458768,1.4456386459350585,63.50000075683594,88.68000037841797,,0.00023330766798078823,0.1
123,0.903669556511773,56.72881263190376,80.98932465616862,1.450922910118103,63.440000280761716,88.67999979248047,,0.00022949537620438356,0.1
124,1.0021834351009793,50.4704992702908,75.13199068196614,1.423058673286438,63.6199998046875,88.31999963378907,,0.00022568801728390509,0.1
125,0.9686962695015802,52.825292906358506,76.85484802381727,1.4008077438354491,64.00000048828124,88.98000037841797,,0.0002218864853630992,0.1
126,0.9604744882371691,53.028185748969186,78.16975919596354,1.4612854709625245,62.560000537109374,87.85999979248047,,0.0002180916732172638,0.1
127,0.8701873417218526,58.929670916748044,82.6266668741862,1.3868235052108764,64.32000070800781,89.19999990234375,,0.00021430447204358308,0.1
128,0.9148216346528795,56.46681562906901,80.00255804578993,1.44669744720459,62.94000001220703,88.00000069580078,,0.0002105257712518334,0.1
129,0.9370102975421482,54.7446329433865,78.47439493136936,1.3747789344787598,64.96000059814453,89.46000069580079,,0.00020675645825550884,0.1
130,0.9111063670688205,56.194643709309894,80.22130021158854,1.363644119644165,64.54000001220703,89.13999953613282,,0.00020299741826341528,0.1
131,0.8987669580671522,56.964268977186414,80.74305762329102,1.3741849193572997,64.5800002319336,89.08000021972656,,0.0001992495340717831,0.1
132,0.9102842645433215,55.854908029513886,79.94773106553819,1.3570436456680297,65.480000390625,89.40000017089844,,0.0001955136858569451,0.1
133,0.9867039298587376,50.69984440138075,75.88383000759549,1.4175505277633667,64.28000070800782,88.79999974365235,,0.0001917907509686307,0.1
134,0.9633051854875353,52.23626010199653,77.45122170681424,1.4354060871124268,62.98000080566406,87.87999974365235,,0.0001880816037239239,0.1
135,0.8660496180852254,58.82107064615885,82.48824273817274,1.3777567289352417,65.39999975585937,89.33999990234375,,0.00018438711520193303,0.1
136,0.9189739094204373,55.84604047580295,79.32389113498265,1.404258805847168,64.66000043945313,88.96000021972657,,0.00018070815303922115,0.1
137,0.9604320478439331,52.82556118028429,76.7311465508355,1.361165150642395,65.23999959716797,89.82000048828125,,0.00017704558122604524,0.1
138,0.8620143913586934,58.99911012641059,82.346732417806,1.3615458057403564,65.85999986572266,89.70000001220703,,0.0001734002599034507,0.1
139,0.9185177518844605,55.83934521891276,79.24634424235026,1.3622719388961793,65.83999986572266,89.7799995361328,,0.00016977304516127111,0.1
140,0.9352211461385092,53.96664243842231,78.44260927463108,1.3718717599868775,65.42000065917969,89.12000001220703,,0.00016616478883707864,0.1
141,0.8621364590962728,58.90724666171604,82.65241163330079,1.361468331336975,65.0200002319336,89.38000059814453,,0.00016257633831613297,0.1
142,0.8912350779215494,57.81115290934245,80.63006657443576,1.377164114189148,64.98000050048829,89.61999990234375,,0.0001590085363323765,0.1
143,0.8821897079891629,58.35301061876085,80.26913503960503,1.3947657669067384,64.74000070800781,89.21999985351563,,0.00015546222077052112,0.1
144,0.9305708390977647,54.46385071750217,78.7909969523112,1.3930737079620361,64.48000012207031,88.98000080566406,,0.0001519382244692745,0.1
145,0.9637543380313449,52.444210340711805,76.64388986273872,1.3782296886444092,64.71999948730469,89.37999974365235,,0.00014843737502575079,0.1
146,0.9705202646891276,52.55806156921387,75.69849949883356,1.4091547119140626,63.96000012207031,88.80000037841796,,0.00014496049460111277,0.1
147,0.91221083217197,55.8394634765625,79.2411534342448,1.3610893241882325,65.37999986572265,89.52000037841798,,0.00014150839972749054,0.1
148,0.9705027717272441,51.83602239583333,76.20808104790582,1.3304210838317871,65.77999986572266,89.57999958496094,,0.0001380819011162217,0.1
149,0.9552039466434055,52.97373782145182,77.10092133653428,1.4235782047271728,63.54000017089844,88.57999974365234,,0.00013468180346745923,0.1
150,0.8316990700085958,60.71203694118923,83.4497830335829,1.326692558670044,66.14000024414062,90.22000075683594,,0.0001313089052811905,0.1
151,0.9487158267339071,53.09555563557943,76.5072931532118,1.3536926511764527,65.34000061035157,89.68000064697266,,0.0001279639986697126,0.1
152,0.8061595068189833,63.206644605848524,84.90148001980252,1.316602455329895,66.75999992675781,89.73999985351563,,0.0001246478691716082,0.1
153,0.907381320699056,56.04119739786784,79.51791790364584,1.3451555654525758,65.55999970703125,89.36000048828124,,0.0001213612955672641,0.1
154,0.9316506883409288,54.71458815171984,77.75641003011067,1.3591930353164672,65.34000018310547,89.66000032958985,,0.00011810504969597808,0.1
155,0.929007735549079,54.624954208713106,78.13499953884549,1.334693229675293,65.43999986572265,89.81999985351563,,0.00011487989627469535,0.1
156,0.9432873394436306,53.249758857896595,77.13081706542968,1.338275350189209,65.92000065917969,89.88000001220703,,0.00011168659271841752,0.1
157,1.0035696545177035,50.161497732204865,73.79053652208117,1.3383583339691163,65.78000002441406,89.85999953613282,,0.00010852588896232668,0.1
158,0.8862732925626967,57.485163088650175,80.32827275797526,1.347238638496399,65.2799996459961,89.86000017089843,,0.00010539852728566612,0.1
159,0.8902754745059543,56.99655775282118,79.52530497097439,1.3327809064865113,65.88000034179687,89.04000017089844,,0.00010230524213741857,0.1
160,0.8471988883654277,59.545363494873044,82.51496931423611,1.3824490629196167,64.36000054931641,89.47999990234375,,9.92467599638238e-05,0.1
161,0.8649334136750964,58.663855577256946,82.50208742133246,1.3114440689086915,66.14000029296875,89.70000021972656,,9.622379903777552e-05,0.1
162,0.7903995553122627,63.836628615993924,85.18377109103733,1.2731936792373657,67.88000040283202,90.56000059814453,,9.323706929013774e-05,0.1
163,0.8091836111704509,62.50208774956597,84.49893678656684,1.3028392168045044,66.76000056152344,90.18000017089844,,9.028727214302011e-05,0.1
164,0.9492578468534681,52.93588690863715,76.21279541286893,1.3287019102096558,66.0600008178711,89.89999974365234,,8.737510034505167e-05,0.1
165,0.8550299583646986,59.26392565171984,82.18953644476997,1.3146142349243164,66.72000013427734,89.66000064697266,,8.450123780869146e-05,0.1
166,0.8313972560988532,60.66414008110894,83.03068687337239,1.3281746231079101,66.40000034179687,89.67999974365235,,8.166635944961436e-05,0.05
167,0.7499567348798116,65.69972152913411,87.2731472764757,1.2898819328308107,67.20000076904297,90.20000017089843,,7.887113102820957e-05,0.05
168,0.8682778233634101,58.185225055609806,81.16650674913194,1.2922200963974,66.84000024414063,90.14000048828125,,7.61162089932293e-05,0.05
169,0.8417716794543796,59.77302435879177,82.54693368394639,1.322189568901062,65.98000045166016,89.96000001220703,,7.340224032762466e-05,0.05
170,0.8491462202072143,59.82039652506511,82.21836724039713,1.3134608993530272,66.28000007324219,90.12000048828125,,7.072986239660364e-05,0.05
171,0.8413958439932929,59.76819994981554,81.77636659342448,1.3047389406204224,66.42000076904297,89.90000001220703,,6.809970279794858e-05,0.05
172,0.7598148508071899,64.50692482299804,87.09052892795138,1.2771993677139282,67.54000024414063,90.08000001220704,,6.551237921462728e-05,0.05
173,0.8709259930504692,58.14570322502984,81.11917692125108,1.3061218259811402,66.9399997680664,89.95999985351563,,6.296849926973234e-05,0.05
174,0.7859201030519274,63.27356420084635,85.6765108968099,1.2818108613967896,67.39999997558594,90.12000001220703,,6.046866038378348e-05,0.05
175,0.9398056069056193,52.913780379231774,77.50039521077474,1.3487896989822388,66.0200002319336,89.33999974365234,,5.801344963442521e-05,0.05
176,0.8175388501273261,61.394135601128475,83.60600669894748,1.2671653398513794,68.28000029296875,90.32000032958985,,5.5603443618554105e-05,0.05
177,0.8213293663448757,61.024055139838325,83.0952566128201,1.2847164848327637,66.99999997558594,90.74000032958985,,5.323920831690725e-05,0.05
178,0.7913203939225939,63.49046341925727,84.87999073079428,1.2658047946929931,67.81999971923828,90.60000028076172,,5.092129896114374e-05,0.05
179,0.8624175534990098,58.03031664089627,81.46279880303277,1.305557477760315,66.48000045166016,89.81999990234375,,4.8650259903450626e-05,0.05
180,0.8445091252221002,59.17541470540365,81.80502065022786,1.300503320121765,65.88000061035156,90.3999999633789,,4.642662448870394e-05,0.05
181,0.8903390048556857,56.976522225952145,79.66110619235569,1.3116953762054444,66.45999986572265,90.4399998046875,,4.425091492921462e-05,0.05
182,0.8515560215526157,59.208023040093316,82.08485093315973,1.2977436014175414,66.53999997558594,90.14000001220703,,4.2123642182089105e-05,0.05
183,0.8540745490603977,59.509906114366316,81.93693276502822,1.3356274185180663,65.94000050048828,89.34000032958984,,4.004530582923271e-05,0.05
184,0.8413141664187114,59.90683495958116,81.35848557942708,1.2834297222137452,67.92000008544922,90.08000032958985,,3.801639396002486e-05,0.05
185,0.7942563918219673,62.500163509114586,84.66041036241319,1.2838320878982543,67.04000013427735,90.30000043945313,,3.603738305669329e-05,0.05
186,0.7112625883526272,68.46955077039931,88.492567054579,1.25485083694458,67.65999981689453,90.95999953613281,,3.410873788241385e-05,0.05
187,0.8577353012720744,59.4850197458903,81.032945831977,1.2853045684814453,67.86000083007812,90.70000080566406,,3.22309113721626e-05,0.05
188,0.8301618921279907,60.785957431369354,82.47445069173178,1.2678204599380494,67.39999976806641,90.57999969482422,,3.0404344526345982e-05,0.05
189,0.8687910474141439,57.73512841118706,80.7415382595486,1.3139840408325196,66.09999959716797,89.86000064697265,,2.8629466307233275e-05,0.05
190,0.8681019340938992,57.57299383273654,80.3665890001085,1.2667456550598144,67.67999971923828,90.63999969482421,,2.690669353821665e-05,0.05
191,0.7523487560166253,65.9970736178928,86.49754684787327,1.2467275533676148,67.86000083007812,90.55999985351562,,2.523643080592168e-05,0.05
192,0.9067772999445597,54.69212744547526,78.83097567409939,1.2868798999786377,67.46000072021485,90.37999985351563,,2.361907036519174e-05,0.05
193,0.8602969807518853,58.04298807373047,81.5612509358724,1.254505788040161,68.03999987792969,90.98000059814453,,2.205499204696853e-05,0.05
194,0.8869654516008165,56.787314721679685,79.17731361897786,1.2835803815841675,67.51999992675782,90.47999985351562,,2.054456316909e-05,0.05
195,0.8925686718304952,56.473382036675346,78.07136411268446,1.3084038621902465,66.62000024414063,90.38000001220703,,1.9088138450027387e-05,0.05
196,0.8451884976704915,59.851310400390624,81.4715440782335,1.238013154411316,68.58000083007812,91.08000059814454,,1.7686059925580834e-05,0.05
197,0.8764745230780707,57.60765020480686,80.11114595540364,1.2887845691680908,67.32000076904296,90.21999969482422,,1.633865686855355e-05,0.05
198,0.8799160438537598,57.03551435818142,79.6113295071072,1.3218796178817749,66.23999970703125,89.37999974365235,,1.5046245711423477e-05,0.05
199,0.8637324719323052,58.755713581678606,79.702447789171,1.2596802989959717,67.98000056152344,90.78000043945312,,1.3809129972030156e-05,0.05
200,0.836218190574646,59.7653632748074,81.61570108167861,1.2754195877075196,67.96000008544922,90.52000048828126,,1.2627600182294852e-05,0.05
201,0.7996427655114068,62.44434029473199,84.56377280815973,1.2981942234039308,66.84000013427735,90.14000048828125,,1.1501933819990142e-05,0.05
202,0.8238549335691664,60.709670358615455,82.5690731499566,1.2734741640090943,67.35999981689453,90.50000043945313,,1.0432395243575401e-05,0.05
203,0.7599625643306308,65.35923990478516,86.30438992241753,1.2471278072357177,67.9799997680664,90.95999985351563,,9.419235630113227e-06,0.05
204,0.8134838400946723,60.93896558024088,83.50632561713324,1.2554392498016358,67.55999965820313,90.64000075683593,,8.462692916281327e-06,0.05
205,0.7388369147194757,66.0293853257921,86.82524548882378,1.2453753591537475,68.16000072021484,90.90000075683594,,7.562991742494145e-06,0.05
206,0.8369294979731242,60.23385268147786,81.42074394124349,1.2749160442352294,67.10000024414063,90.52000037841798,,6.7203434001468405e-06,0.05
207,0.7524435090382894,65.82730110270182,86.02953972303602,1.265653190422058,67.52000029296875,90.75999969482422,,5.934945781994395e-06,0.05
208,0.8079007180319892,62.84750348171658,83.35856604546441,1.2362676174163818,68.48000051269531,90.86000059814454,,5.206983335677103e-06,0.05
209,0.8189545140160455,60.9998880859375,83.04472390136719,1.315303826713562,66.84000045166016,89.87999958496094,,4.536627020403881e-06,0.05
210,0.7560961307737563,65.53200947943793,86.18262134738498,1.2311786432266236,68.46000046386719,90.99999985351562,,3.924034266803069e-06,0.05
211,0.8109665135913425,61.78806058892144,83.14880868326823,1.2600612005233764,67.66000008544921,90.66000001220704,,3.3693489399504665e-06,0.05
212,0.8107577047030131,61.28475624864366,83.26880573323568,1.2422977640151978,68.22000024414062,90.79999969482422,,2.8727013055832296e-06,0.05
213,0.7374464142057631,66.44533101264106,87.1262835571289,1.2332337562561035,68.02000014648438,90.96000043945313,,2.4342079995073366e-06,0.05
214,0.8432664318826464,58.88963736165365,81.99086447753906,1.2440475072860717,67.88000067138672,90.77999969482421,,2.0539720002062714e-06,0.05
215,0.7595935925695632,65.26614310709635,85.84114112820096,1.248239034843445,68.73999992675782,90.62000075683594,,1.7320826046567596e-06,0.05
216,0.8017756649547153,62.635357956271704,83.42811015489366,1.2599749963760376,67.88000076904297,90.70000017089843,,1.4686154073577434e-06,0.05
217,0.8324382105297512,60.6023310397678,81.47588062201606,1.245561261177063,68.16000056152343,90.7999998046875,,1.2636322825774652e-06,0.05
218,0.713924649143219,68.47120419311524,88.26075346137152,1.2601041299819946,67.76000072021485,90.80000075683594,,1.1171813698222633e-06,0.05
219,0.8283266028086345,61.27108825310601,81.22569998372396,1.2495539770126343,68.11999987792969,90.74000043945313,,1.0292970625314553e-06,0.05
220,0.8607390762752957,57.61022376878527,80.71776065538194,1.2653314712524415,67.94000056152343,90.72000032958984,,1e-06,0.05
